id,name,slug,price,imageUrl,category,description,allergenFree,allergens
1,One Biter Assortment Box (4 pcs),one-biter-assortment-box-4-pcs,16,/images/one-biters/One Biters 4pc.png,onebite,,,
2,One Biter Assortment Box (12 pcs),one-biter-assortment-box-12-pcs,48,/images/one-biters/One Biters 12pc.png,onebite,,,
3,ChocoHazelnut Cake,chocohazelnut-cake,56,/images/cakes/ChocoHazelnut Cake.png,cakes,"Milk Chocolate Cremeux, Dark Chocolate Mousse, Hazelnut Crunch",,"has Dairy, has Nut, has Gluten"
4,Cleopatre Cake,cleopatre-cake,56,/images/cakes/Cleopatre Cake.png,cakes,"Milk Chocolate Ganache, Milk Chocolate Cream, Hazelnut Wafer",,"has Hazlnuts, has Dairy, has Gluten"
5,Blackcurrant Queen Cake,blackcurrant-queen-cake,56,/images/cakes/Blackcurrant Queen Cake.png,cakes,"Blackcurrant Compote, Blackcurrant Mousse, Hazelnut Crunch",,"has Dairy, has Nuts, has Gluten, has Eggs"
6,Coconut Dream Cake,coconut-dream-cake,56,/images/cakes/Coconut Dream Cake.png,cakes,"Coconut Dacquoise, Dairy Free Dark Chocolate Mousse, Toasted Coconut Diplomat","Gluten Free, Dairy Free, Nut Free",has Eggs
7,Lemon Pistachio Meringue Cake,lemon-pistachio-meringue-cake,56,/images/cakes/Lemon Pistachio Meringue Cake.png,cakes,"Pistachio Dacquoise, Dairy Free Lemon Cream, Meringue","Gluten Free, Dairy Free","has Nuts, has Eggs"
8,Raspberry Pistachio Cake,raspberry-pistachio-cake,50,/images/cakes/Raspberry Pistachio Cake.png,cakes,"Pistachio Almond Cream, Raspberry Mousse, Almond Short Dough, Macaron",,"has Nuts, has Dairy, has Gluten, has Eggs"
9,Strawberry Cheesecake,strawberry-cheesecake,50,/images/cakes/Strawberry Cheesecake.png,cakes,"Light Cheesecake, Strawberry Mousse, Buttery Crumble, Almond Short Dough",,"has Dairy, has Eggs, has Nuts, has Gluten"
10,Cream & Crumb Cake,cream-crumb-cake,44,,cakes,"Light No-Bake Cheesecake, Buttery Crumbles, Graham Cracker Crust",Nut Free,"has Dairy, has Honey, has Gluten"
11,Chocolate Cream & Crumb Cake,chocolate-cream-crumb-cake,44,,cakes,"Light No-Bake Chocolate Cheesecake, Cocoa Buttery Crumbles, Graham Cracker Crust",Nut Free,
12,Tiramisu Cake,tiramisu-cake,50,/images/cakes/Tiramisu Cake.png,cakes,"Tiramisu Mousse, Soft Chocolate Short Dough, Espresso Syrup, Cappuccino Chantilly",Nut Free,
13,Daisy Cake,daisy-cake,56,,cakes,"Passion Fruit Mousse, Passion Fruit Compote, Hazelnut Milk Chocolate Ganache, Cocoa Tart",,"has Nuts, has Dairy, has Eggs, has Gluten"
14,Tiramichoux,tiramichoux,9,/images/personal-desserts/Tiramichoux.png,personal-desserts,"Cocoa Craquelin Choux Pastry, Sabayon Mascarpone Cream, Espresso Biscotti Savoiardi, Cappuccino Chantilly",Nut Free,"has Dairy, has Gluten, has Eggs, has Alchohol"
15,Sweet Pleasure,sweet-pleasure,10.5,/images/personal-desserts/Sweet Pleasure.png,personal-desserts,"Hazelnut Dacquoise, Hazelnut Crunch, Milk Chocolate Ganache, Milk Chocolate Chantilly",Gluten Free,"has Nuts, has Dairy, has Eggs"
16,Lemon Pistachio Meringue,lemon-pistachio-meringue,11.5,/images/personal-desserts/Lemon Pistachio Meringue.png,personal-desserts,"Pistachio Dacquoise, Dairy Free Lemon Cream, Meringue","Gluten Free, Dairy Free","has Nuts, has Eggs"
17,Coconut Dream,coconut-dream,11.5,/images/personal-desserts/Coconut Dream.png,personal-desserts,"Coconut Dacquoise, Dairy Free Dark Chocolate Mousse, Toasted Coconut Diplomat","Gluten Free, Dairy Free, Nut Free",has Eggs
18,Rings of Paris,rings-of-paris,10.5,/images/personal-desserts/Rings of Paris.png,personal-desserts,"Hazelnut Chantilly, Hazelnut Praline, Choux Pastry",,"has Dairy, has Nuts, has Gluten"
19,Dubai Chocolate,dubai-chocolate,11.5,/images/personal-desserts/Dubai Chocolate.png,personal-desserts,"Cocoa Tart Shell, Kataifi Pistachio, Milk Chocolate Ganache, Milk Chocolate Mousse",,"has Nuts, has Dairy, has Gluten, has Eggs"
20,Cream & Crumb,cream-crumb,9.5,/images/personal-desserts/Cream & Crumb.png,personal-desserts,"Light No-Bake Cheesecake, Buttery Crumbles, Graham Cracker Crust",Nut Free,"has Dairy, has Honey, has Gluten"
21,Chocolate Cream & Crumb,chocolate-cream-crumb,10,,personal-desserts,"Light No-Bake Chocolate Cheesecake, Cocoa Buttery Crumbles, Graham Cracker Crust",Nut Free,
22,Daisy,daisy,11.5,/images/personal-desserts/Daisy.png,personal-desserts,"Passion Fruit Mousse, Passion Fruit Compote, Hazelnut Milk Chocolate Ganache, Cocoa Tart",,"has Nuts, has Dairy, has Eggs, has Gluten"
23,Peaches & Cream,peaches-cream,11.5,/images/personal-desserts/Peaches & Cream.png,personal-desserts,"Almond Short Dough, Vanilla Mousse, Peach Joconde, Peach Brunoise",,"has Dairy, has Nuts, has Gluten, has Eggs"
24,Blackcurrant Queen,blackcurrant-queen,11.5,/images/personal-desserts/Blackcurrant Queen.png,personal-desserts,"Blackcurrant Compote, Blackcurrant Mousse, Hazelnut Crunch",,"has Dairy, has Nuts, has Gluten, has Eggs"
25,Strawberry Cheesecake Tart,strawberry-cheesecake-tart,10.5,/images/personal-desserts/Strawberry Cheesecake Tart.png,personal-desserts,"Light Cheesecake, Strawberry Mousse, Buttery Crumble, Almond Short Dough",,"has Dairy, has Eggs, has Nuts, has Gluten"
26,Raspberry Pistachio Tart,raspberry-pistachio-tart,10.5,/images/personal-desserts/Raspberry Pistachio Tart.png,personal-desserts,"Pistachio Almond Cream, Raspberry Mousse, Almond Short Dough, Macaron",,"has Nuts, has Dairy, has Gluten, has Eggs"
27,Cleopatra,cleopatra,11.5,/images/personal-desserts/Cleopatra.png,personal-desserts,"Milk Chocolate Ganache, Milk Chocolate Cream, Hazelnut Wafer",,"has Nuts, has Dairy, has Gluten, has Eggs"
28,Black Forest,black-forest,10.5,/images/personal-desserts/Black Forest.png,personal-desserts,"Dark Chocolate Mousse, Cherry Compote, White Chocolate Insert",,"has Dairy, has Nuts, has Gluten, has Eggs"
29,Personal Heart,personal-heart,10.5,/images/personal-desserts/Personal Heart.png,personal-desserts,"Raspberry Rose Mousse, Lychee Insert",,"has Nuts, has Dairy, has Gluten, has Eggs"
30,Creme Berry Tart,creme-berry-tart,9,/images/personal-desserts/Creme Berry Tart (Rasberry).png,personal-desserts,"Almond Short Crust, Vanilla Crème Pâtissier, Fresh Ontario Berries",,"has Nuts, has Dairy, has Gluten, has Eggs"
32,Almond Croissant,almond-croissant,6.85,/images/pastries/Almond Criossant.png,pastries,,,
33,Double Milk Chocolate Croissant,double-milk-chocolate-croissant,6.85,/images/pastries/Double Milk Chocolate Criossant.png,pastries,,,
34,Butter Croissant,butter-croissant,4.5,/images/pastries/Butter Criossant.png,pastries,,,
35,Salted Caramel Croissant,salted-caramel-croissant,6.85,/images/pastries/Salted Caramel Criossant.png,pastries,,,
36,Raspberry Cheesecake Croissant,raspberry-cheesecake-croissant,6.85,/images/pastries/Raspberry Cheesecake Criossant.png,pastries,,,
37,Pistachio Croissant,pistachio-croissant,6.85,,pastries,,,
38,Creme Diplomat Croissant,creme-diplomat-croissant,6.85,/images/pastries/Creme DIplomat Criossant.png,pastries,,,
39,Chocolatine,chocolatine,5.5,/images/pastries/Chocolatine.png,pastries,,,
40,Sweet Cheese Danish,sweet-cheese-danish,5.1,/images/pastries/Sweet Cheese Danish.png,pastries,,,
41,Cherry Danish,cherry-danish,5.75,/images/pastries/Fruit Danish.png,pastries,,,
42,Cinnamon Roll,cinnamon-roll,5.25,/images/pastries/Cinnamon Roll.png,pastries,,,
44,Chocolate Chip Croissant,chocolate-chip-croissant,6.85,,pastries,,,
45,Choco Chip & Hazelnut Cookies,choco-chip-hazelnut-cookies,9.75,,hidden,,,"has Nuts, has Gluten, has Eggs, has Dairy"
46,Oatmeal Cookies,oatmeal-cookies,9.75,,hidden,,Nut Free,"has Gluten, has Eggs, has Dairy"
47,Black Sesame Choco Chip,black-sesame-choco-chip,9.75,,hidden,,Nut Free,"has Gluten, has Eggs, has Dairy"
48,Halva Cookies,halva-cookies,9.75,,hidden,,Nut Free,"has Gluten, has Eggs, has Dairy"
49,Baklava Tart,baklava-tart,25,/images/bakery-shelf/Baklava Tart.png,bakery-shelf,,,
50,Chocolate Nemesis,chocolate-nemesis,25,/images/bakery-shelf/Chocolate Nemesis.png,bakery-shelf,,,
51,Meringues,meringues,6.75,,hidden,,,
52,Lumiere Marshmallows,lumiere-marshmallows,10.5,,hidden,,"Nut Free, Gluten Free",
53,Hazelnut Dacquoise Square,hazelnut-dacquoise-square,12,,hidden,,,
54,Crincle Cookie,crincle-cookie,,,hidden,,"Nut Free, Dairy Free","has Gluten, has Eggs"
55,Hazelnut Cookie,hazelnut-cookie,,/images/bakery-shelf/Hazelnut Cookies.png,hidden,,,"has Nuts, has Gluten, has Eggs, has Dairy"
56,Sweetheart,sweetheart,,,hidden,,Nut Free,"has Gluten, has Eggs, has Dairy"
57,Tartine,tartine,7,/images/breads/Plain Sourdough.png,bread,,,
58,Rye & Walnut,rye-walnut,7.5,/images/breads/Rye & Wallnut Sourdough.png,bread,,,
59,Whole Wheat & Seeds,whole-wheat-seeds,7.5,/images/breads/Whole Wheat & Seeds Sourdough.png,bread,,,
60,Tomato & Garlic,tomato-garlic,7.5,/images/breads/Tomatoes & Garlic Sourdough.png,bread,,,
61,Greek Olive,greek-olive,7.5,/images/breads/Olive Sourdough.png,bread,,,
62,Japanese Milk Bread,japanese-milk-bread,6.5,/images/breads/japanese milk bread.jpg,bread,,,
63,French Baguette,french-baguette,3.45,/images/breads/French Baguette.jpg,bread,,,
